{
  "network": {
    "name": "TIFI",
    "magic_bytes": "0xTIFI",
    "default_port": 8333,
    "discovery_port": 8334,
    "max_peers": 125,
    "bootstrap_nodes": [
      "seed1.tifi.network:8333",
      "seed2.tifi.network:8333",
      "seed3.tifi.network:8333"
    ]
  },
  "blockchain": {
    "coin_name": "Credits",
    "coin_symbol": "CRED",
    "block_time": 60,
    "initial_reward": 50,
    "halving_interval": 210000,
    "max_supply": 21000000,
    "difficulty_adjustment": 20
  },
  "consensus": {
    "pow_percentage": 70,
    "pos_percentage": 30,
    "pow_cycle_length": 7,
    "pos_cycle_length": 3,
    "min_stake": 100,
    "stake_reward_rate": 0.05,
    "maturation_blocks": 100,
    "max_coin_age_days": 30
  },
  "mining": {
    "algorithm": "SHA256",
    "threads": "auto",
    "auto_start": true
  },
  "staking": {
    "auto_start": false,
    "auto_stake": false,
    "reserve_amount": 10.0
  },
  "wallet": {
    "auto_backup": true,
    "backup_interval": 86400,
    "encrypt": false
  },
  "rpc": {
    "enabled": false,
    "host": "127.0.0.1",
    "port": 8332,
    "username": "",
    "password": ""
  },
  "logging": {
    "level": "INFO",
    "file": "tifi.log",
    "max_size": 10485760,
    "backup_count": 5
  }
}
